{"devices":{"a":{"label":"A","type":"Button","propagation":0,"position":{"x":-85,"y":55}},"y":{"label":"Y","type":"Lamp","propagation":0,"position":{"x":275,"y":60}},"or":{"label":"or","type":"Or","propagation":0,"bits":1,"position":{"x":85,"y":70}}},"connectors":[{"from":{"id":"or","port":"out"},"to":{"id":"y","port":"in"}},{"from":{"id":"a","port":"out"},"to":{"id":"or","port":"in2"}},{"from":{"id":"or","port":"out"},"to":{"id":"or","port":"in1"},"vertices":[{"x":40,"y":50}]}],"subcircuits":{}}