<manifest xmlns="http://www.imsglobal.org/xsd/imscp_v1p1" xmlns:imsmd="http://www.imsglobal.org/xsd/imsmd_v1p2"
    xmlns:xsi="http://www.w3.org/2001/XMLSchema-instance"
    xsi:schemaLocation="http://www.imsglobal.org/xsd/imscp_v1p1 http://www.imsglobal.org/xsd/imscp_v1p1.xsd http://www.imsglobal.org/xsd/imsmd_v1p2 http://www.imsglobal.org/xsd/imsmd_v1p2.xsd "
    identifier="Manifest5-CEC3D3-3201-DF8E-8F42-3CEED12F4197" version="IMS CP 1.1.4">
    <metadata>
        <schema>IMS Content</schema>
        <schemaversion>1.1.4</schemaversion>
        <imsmd:lom>
            <imsmd:general>
                <imsmd:title>
                    <imsmd:langstring xml:lang="de">Tutorial</imsmd:langstring>
                </imsmd:title>
                <imsmd:language>de</imsmd:language>
                <imsmd:description>
                    <imsmd:langstring xml:lang="de">Es wird gezeigt, wie typische bekannte Präsentationselemente auch mithilfe von LiaScript genutzt werden können.</imsmd:langstring>
                </imsmd:description>
                <imsmd:keyword>
                    <imsmd:langstring xml:lang="de">LiaScript</imsmd:langstring><imsmd:langstring xml:lang="de">PowerPoint</imsmd:langstring><imsmd:langstring xml:lang="de">Tutorial</imsmd:langstring>
                </imsmd:keyword>
            </imsmd:general>
            <imsmd:lifecycle>
                <imsmd:version>
                    <imsmd:langstring xml:lang="de">0.0.1</imsmd:langstring>
                </imsmd:version>
            </imsmd:lifecycle>
        </imsmd:lom>
    </metadata>
    <organizations default="TOC1">
        <organization identifier="TOC1" structure="hierarchical">
            <title>All Lessons</title>
            <item identifier="ITEM1" identifierref="LIASCRIPT">
                <title>LiaScript - Course</title>
            </item>
        </organization>
    </organizations>
    <resources>
        <resource identifier="LIASCRIPT" type="webcontent" href="start.html">
            <file href="start.html" />
        </resource>
    </resources>
</manifest>