{"devices":{"s":{"label":"S","type":"Button","propagation":0,"position":{"x":0,"y":0}},"r":{"label":"R","type":"Button","propagation":0,"position":{"x":0,"y":95}},"nots":{"label":"~S","type":"Button","propagation":0,"position":{"x":0,"y":180}},"notr":{"label":"~R","type":"Button","propagation":0,"position":{"x":0,"y":285}},"q1":{"label":"Q","type":"Lamp","propagation":0,"position":{"x":365,"y":85}},"notq1":{"label":"~Q","type":"Lamp","propagation":0,"position":{"x":370,"y":10}},"q2":{"label":"Q","type":"Lamp","propagation":0,"position":{"x":370,"y":205}},"notq2":{"label":"~Q","type":"Lamp","propagation":0,"position":{"x":365,"y":295}},"nor1":{"label":"nor","type":"Nor","propagation":0,"bits":1,"position":{"x":180,"y":80}},"nor2":{"label":"nor","type":"Nor","propagation":0,"bits":1,"position":{"x":175,"y":5}},"nand1":{"label":"nand","type":"Nand","propagation":0,"bits":1,"position":{"x":185,"y":185}},"nand2":{"label":"nand","type":"Nand","propagation":0,"bits":1,"position":{"x":185,"y":270}}},"connectors":[{"from":{"id":"s","port":"out"},"to":{"id":"nor2","port":"in1"}},{"from":{"id":"r","port":"out"},"to":{"id":"nor1","port":"in2"}},{"from":{"id":"nor2","port":"out"},"to":{"id":"notq1","port":"in"}},{"from":{"id":"nor1","port":"out"},"to":{"id":"q1","port":"in"}},{"from":{"id":"nor2","port":"out"},"to":{"id":"nor1","port":"in1"},"vertices":[{"x":255,"y":75}]},{"from":{"id":"nor1","port":"out"},"to":{"id":"nor2","port":"in2"},"vertices":[{"x":260,"y":55}]},{"from":{"id":"nots","port":"out"},"to":{"id":"nand1","port":"in1"}},{"from":{"id":"notr","port":"out"},"to":{"id":"nand2","port":"in2"}},{"from":{"id":"nand1","port":"out"},"to":{"id":"nand2","port":"in1"},"vertices":[{"x":265,"y":245}]},{"from":{"id":"nand2","port":"out"},"to":{"id":"nand1","port":"in2"},"vertices":[{"x":265,"y":260}]},{"from":{"id":"nand1","port":"out"},"to":{"id":"q2","port":"in"}},{"from":{"id":"nand2","port":"out"},"to":{"id":"notq2","port":"in"}}],"subcircuits":{}}