{"devices":{"a0":{"label":"a0","type":"Button","propagation":0,"position":{"x":-185,"y":10}},"a1":{"label":"a1","type":"Button","propagation":0,"position":{"x":-180,"y":-55}},"x0":{"label":"x0","type":"Button","propagation":0,"position":{"x":-185,"y":80}},"x1":{"label":"x1","type":"Button","propagation":0,"position":{"x":-185,"y":125}},"x2":{"label":"x2","type":"Button","propagation":0,"position":{"x":-185,"y":180}},"x3":{"label":"x3","type":"Button","propagation":0,"position":{"x":-185,"y":240}},"y":{"label":"y","type":"Lamp","propagation":0,"position":{"x":560,"y":180}},"not1":{"label":"~a0","type":"Not","propagation":0,"bits":1,"position":{"x":-95,"y":40}},"not2":{"label":"~a1","type":"Not","propagation":0,"bits":1,"position":{"x":-95,"y":-25}},"and1":{"label":"~a1 and ~a0","type":"And","propagation":0,"bits":1,"position":{"x":65,"y":40}},"and2":{"label":"~a1 and a0","type":"And","propagation":0,"bits":1,"position":{"x":55,"y":120}},"and3":{"label":"a1 and ~a0","type":"And","propagation":0,"bits":1,"position":{"x":65,"y":190}},"and4":{"label":"a1 and a0","type":"And","propagation":0,"bits":1,"position":{"x":70,"y":270}},"and5":{"label":"~a1 and ~a0 and x0","type":"And","propagation":0,"bits":1,"position":{"x":210,"y":55}},"and6":{"label":"~a1 and a0 and x1","type":"And","propagation":0,"bits":1,"position":{"x":210,"y":130}},"and7":{"label":"a1 and ~a0 and x2","type":"And","propagation":0,"bits":1,"position":{"x":210,"y":205}},"and8":{"label":"a1 and a0 and x3","type":"And","propagation":0,"bits":1,"position":{"x":210,"y":280}},"or1":{"label":"or","type":"Or","propagation":0,"bits":1,"position":{"x":420,"y":175}},"or2":{"label":"or","type":"Or","propagation":0,"bits":1,"position":{"x":360,"y":110}},"or3":{"label":"or","type":"Or","propagation":0,"bits":1,"position":{"x":360,"y":225}}},"connectors":[{"from":{"id":"a1","port":"out"},"to":{"id":"not2","port":"in"}},{"from":{"id":"a0","port":"out"},"to":{"id":"not1","port":"in"}},{"from":{"id":"not2","port":"out"},"to":{"id":"and1","port":"in1"}},{"from":{"id":"not1","port":"out"},"to":{"id":"and1","port":"in2"}},{"from":{"id":"a0","port":"out"},"to":{"id":"and2","port":"in2"},"vertices":[{"x":-75,"y":100}]},{"from":{"id":"a0","port":"out"},"to":{"id":"and4","port":"in2"},"vertices":[{"x":-15,"y":160}]},{"from":{"id":"not2","port":"out"},"to":{"id":"and2","port":"in1"},"vertices":[{"x":5,"y":85}]},{"from":{"id":"a1","port":"out"},"to":{"id":"and3","port":"in1"},"vertices":[{"x":-105,"y":10}]},{"from":{"id":"a1","port":"out"},"to":{"id":"and4","port":"in1"},"vertices":[{"x":-100,"y":25},{"x":-100,"y":55},{"x":30,"y":185}]},{"from":{"id":"not1","port":"out"},"to":{"id":"and3","port":"in2"},"vertices":[{"x":20,"y":100}]},{"from":{"id":"x0","port":"out"},"to":{"id":"and5","port":"in2"}},{"from":{"id":"and1","port":"out"},"to":{"id":"and5","port":"in1"}},{"from":{"id":"and2","port":"out"},"to":{"id":"and6","port":"in1"}},{"from":{"id":"and3","port":"out"},"to":{"id":"and7","port":"in1"}},{"from":{"id":"and4","port":"out"},"to":{"id":"and8","port":"in1"}},{"from":{"id":"x1","port":"out"},"to":{"id":"and6","port":"in2"},"vertices":[{"x":-45,"y":180},{"x":75,"y":180}]},{"from":{"id":"x2","port":"out"},"to":{"id":"and7","port":"in2"}},{"from":{"id":"x3","port":"out"},"to":{"id":"and8","port":"in2"},"vertices":[{"x":-20,"y":310}]},{"from":{"id":"and5","port":"out"},"to":{"id":"or2","port":"in1"}},{"from":{"id":"and6","port":"out"},"to":{"id":"or2","port":"in2"}},{"from":{"id":"and7","port":"out"},"to":{"id":"or3","port":"in1"}},{"from":{"id":"and8","port":"out"},"to":{"id":"or3","port":"in2"}},{"from":{"id":"or2","port":"out"},"to":{"id":"or1","port":"in1"}},{"from":{"id":"or3","port":"out"},"to":{"id":"or1","port":"in2"},"vertices":[{"x":420,"y":205}]},{"from":{"id":"or1","port":"out"},"to":{"id":"y","port":"in"}}],"subcircuits":{}}