{"devices":{"a":{"label":"A","type":"Button","propagation":0,"position":{"x":-90,"y":65}},"b":{"label":"B","type":"Button","propagation":0,"position":{"x":-90,"y":115}},"c":{"label":"C","type":"Button","propagation":0,"position":{"x":-100,"y":210}},"y0":{"label":"y0","type":"Lamp","propagation":0,"position":{"x":590,"y":45}},"y1":{"label":"y1","type":"Lamp","propagation":0,"position":{"x":590,"y":105}},"y2":{"label":"y2","type":"Lamp","propagation":0,"position":{"x":595,"y":175}},"y3":{"label":"y3","type":"Lamp","propagation":0,"position":{"x":590,"y":230}},"y4":{"label":"y4","type":"Lamp","propagation":0,"position":{"x":595,"y":285}},"y5":{"label":"y5","type":"Lamp","propagation":0,"position":{"x":590,"y":345}},"y6":{"label":"y6","type":"Lamp","propagation":0,"position":{"x":595,"y":415}},"y7":{"label":"y7","type":"Lamp","propagation":0,"position":{"x":595,"y":480}},"notA":{"label":"NOT a","type":"Not","propagation":0,"bits":1,"position":{"x":55,"y":90}},"notB":{"label":"NOT b","type":"Not","propagation":0,"bits":1,"position":{"x":40,"y":165}},"notC":{"label":"NOT c","type":"Not","propagation":0,"bits":1,"position":{"x":35,"y":375}},"and1":{"label":"~A and ~B","type":"And","propagation":0,"bits":1,"position":{"x":230,"y":95}},"and2":{"label":"~A and B","type":"And","propagation":0,"bits":1,"position":{"x":230,"y":195}},"and3":{"label":"A and ~B","type":"And","propagation":0,"bits":1,"position":{"x":235,"y":290}},"and4":{"label":"A and B","type":"And","propagation":0,"bits":1,"position":{"x":230,"y":410}},"and5":{"label":"~A and ~B and ~C","type":"And","propagation":0,"bits":1,"position":{"x":420,"y":40}},"and6":{"label":"~A and ~B and C","type":"And","propagation":0,"bits":1,"position":{"x":430,"y":100}},"and7":{"label":"~A and B and ~C","type":"And","propagation":0,"bits":1,"position":{"x":435,"y":170}},"and8":{"label":"~A and B and C","type":"And","propagation":0,"bits":1,"position":{"x":440,"y":225}},"and9":{"label":"A and ~B and ~C","type":"And","propagation":0,"bits":1,"position":{"x":430,"y":280}},"and10":{"label":"A and ~B and C","type":"And","propagation":0,"bits":1,"position":{"x":430,"y":340}},"and11":{"label":"A and B and ~C","type":"And","propagation":0,"bits":1,"position":{"x":435,"y":410}},"and12":{"label":"A and B and C","type":"And","propagation":0,"bits":1,"position":{"x":445,"y":475}}},"connectors":[{"from":{"id":"a","port":"out"},"to":{"id":"notA","port":"in"}},{"from":{"id":"b","port":"out"},"to":{"id":"notB","port":"in"}},{"from":{"id":"c","port":"out"},"to":{"id":"notC","port":"in"}},{"from":{"id":"and1","port":"out"},"to":{"id":"and5","port":"in1"}},{"from":{"id":"and1","port":"out"},"to":{"id":"and6","port":"in1"}},{"from":{"id":"and2","port":"out"},"to":{"id":"and7","port":"in1"}},{"from":{"id":"and2","port":"out"},"to":{"id":"and8","port":"in1"}},{"from":{"id":"and3","port":"out"},"to":{"id":"and9","port":"in1"}},{"from":{"id":"and3","port":"out"},"to":{"id":"and10","port":"in1"}},{"from":{"id":"and4","port":"out"},"to":{"id":"and11","port":"in1"}},{"from":{"id":"and4","port":"out"},"to":{"id":"and12","port":"in1"}},{"from":{"id":"notA","port":"out"},"to":{"id":"and1","port":"in1"}},{"from":{"id":"notB","port":"out"},"to":{"id":"and1","port":"in2"}},{"from":{"id":"notA","port":"out"},"to":{"id":"and2","port":"in1"}},{"from":{"id":"b","port":"out"},"to":{"id":"and2","port":"in2"},"vertices":[{"x":130,"y":160}]},{"from":{"id":"a","port":"out"},"to":{"id":"and3","port":"in1"},"vertices":[{"x":10,"y":215}]},{"from":{"id":"notB","port":"out"},"to":{"id":"and3","port":"in2"}},{"from":{"id":"a","port":"out"},"to":{"id":"and4","port":"in1"},"vertices":[{"x":10,"y":225},{"x":155,"y":395}]},{"from":{"id":"b","port":"out"},"to":{"id":"and4","port":"in2"},"vertices":[{"x":130,"y":160}]},{"from":{"id":"c","port":"out"},"to":{"id":"and6","port":"in2"},"vertices":[{"x":295,"y":265}]},{"from":{"id":"notC","port":"out"},"to":{"id":"and5","port":"in2"},"vertices":[{"x":330,"y":335}]},{"from":{"id":"c","port":"out"},"to":{"id":"and8","port":"in2"},"vertices":[{"x":310,"y":275}]},{"from":{"id":"notC","port":"out"},"to":{"id":"and7","port":"in2"},"vertices":[{"x":330,"y":335},{"x":370,"y":295}]},{"from":{"id":"notC","port":"out"},"to":{"id":"and9","port":"in2"},"vertices":[{"x":335,"y":335}]},{"from":{"id":"notC","port":"out"},"to":{"id":"and11","port":"in2"},"vertices":[{"x":320,"y":345}]},{"from":{"id":"c","port":"out"},"to":{"id":"and10","port":"in2"}},{"from":{"id":"c","port":"out"},"to":{"id":"and12","port":"in2"},"vertices":[{"x":360,"y":370}]},{"from":{"id":"and5","port":"out"},"to":{"id":"y0","port":"in"}},{"from":{"id":"and6","port":"out"},"to":{"id":"y1","port":"in"}},{"from":{"id":"and7","port":"out"},"to":{"id":"y2","port":"in"}},{"from":{"id":"and8","port":"out"},"to":{"id":"y3","port":"in"}},{"from":{"id":"and9","port":"out"},"to":{"id":"y4","port":"in"}},{"from":{"id":"and10","port":"out"},"to":{"id":"y5","port":"in"}},{"from":{"id":"and11","port":"out"},"to":{"id":"y6","port":"in"}},{"from":{"id":"and12","port":"out"},"to":{"id":"y7","port":"in"}}],"subcircuits":{}}
