{"devices":{"j":{"label":"J","type":"Input","propagation":0,"position":{"x":15,"y":0}},"k":{"label":"K","type":"Input","propagation":0,"position":{"x":20,"y":105}},"clk":{"label":"clk","type":"Input","propagation":0,"position":{"x":15,"y":50}},"start":{"label":"start","type":"Input","propagation":0,"position":{"x":15,"y":150}},"q":{"label":"q","type":"Output","propagation":1,"position":{"x":960,"y":45}},"qnot":{"label":"~q","type":"Output","propagation":1,"position":{"x":960,"y":105}},"or1":{"label":"or","type":"Or","propagation":1,"bits":1,"position":{"x":190,"y":-40}},"or2":{"label":"or","type":"Or","propagation":1,"bits":1,"position":{"x":195,"y":160}},"and1":{"label":"and","type":"And","propagation":1,"bits":1,"position":{"x":225,"y":15}},"and2":{"label":"and","type":"And","propagation":1,"bits":1,"position":{"x":220,"y":95}},"nand1":{"label":"nand","type":"Nand","propagation":1,"bits":1,"position":{"x":370,"y":25}},"nand2":{"label":"nand","type":"Nand","propagation":1,"bits":1,"position":{"x":380,"y":90}},"nand3":{"label":"nand","type":"Nand","propagation":1,"bits":1,"position":{"x":805,"y":45}},"nand4":{"label":"nand","type":"Nand","propagation":1,"bits":1,"position":{"x":680,"y":30}},"nand5":{"label":"nand","type":"Nand","propagation":1,"bits":1,"position":{"x":675,"y":85}},"nand6":{"label":"nand","type":"Nand","propagation":1,"bits":1,"position":{"x":805,"y":95}},"nand7":{"label":"nand","type":"Nand","propagation":1,"bits":1,"position":{"x":525,"y":30}},"nand8":{"label":"nand","type":"Nand","propagation":1,"bits":1,"position":{"x":525,"y":85}},"not1":{"label":"not","type":"Not","propagation":1,"bits":1,"position":{"x":390,"y":170}}},"connectors":[{"from":{"id":"nand3","port":"out"},"to":{"id":"q","port":"in"}},{"from":{"id":"nand6","port":"out"},"to":{"id":"qnot","port":"in"}},{"from":{"id":"j","port":"out"},"to":{"id":"and1","port":"in2"}},{"from":{"id":"k","port":"out"},"to":{"id":"and2","port":"in1"}},{"from":{"id":"start","port":"out"},"to":{"id":"or2","port":"in2"}},{"from":{"id":"start","port":"out"},"to":{"id":"or1","port":"in1"}},{"from":{"id":"clk","port":"out"},"to":{"id":"nand1","port":"in2"}},{"from":{"id":"clk","port":"out"},"to":{"id":"nand2","port":"in1"}},{"from":{"id":"clk","port":"out"},"to":{"id":"not1","port":"in"}},{"from":{"id":"not1","port":"out"},"to":{"id":"nand5","port":"in1"},"vertices":[{"x":635,"y":190}]},{"from":{"id":"nand7","port":"out"},"to":{"id":"nand8","port":"in1"}},{"from":{"id":"nand8","port":"out"},"to":{"id":"nand7","port":"in2"}},{"from":{"id":"not1","port":"out"},"to":{"id":"nand4","port":"in2"},"vertices":[{"x":635,"y":190}]},{"from":{"id":"nand2","port":"out"},"to":{"id":"nand8","port":"in2"}},{"from":{"id":"nand1","port":"out"},"to":{"id":"nand7","port":"in1"}},{"from":{"id":"and1","port":"out"},"to":{"id":"nand1","port":"in1"}},{"from":{"id":"and2","port":"out"},"to":{"id":"nand2","port":"in2"}},{"from":{"id":"or2","port":"out"},"to":{"id":"and2","port":"in2"}},{"from":{"id":"or1","port":"out"},"to":{"id":"and1","port":"in1"},"vertices":[{"x":310,"y":5}]},{"from":{"id":"nand3","port":"out"},"to":{"id":"nand6","port":"in1"}},{"from":{"id":"nand6","port":"out"},"to":{"id":"nand3","port":"in2"},"vertices":[{"x":765,"y":145}]},{"from":{"id":"nand4","port":"out"},"to":{"id":"nand3","port":"in1"}},{"from":{"id":"nand5","port":"out"},"to":{"id":"nand6","port":"in2"}},{"from":{"id":"nand8","port":"out"},"to":{"id":"nand5","port":"in2"}},{"from":{"id":"nand7","port":"out"},"to":{"id":"nand4","port":"in1"}},{"from":{"id":"nand3","port":"out"},"to":{"id":"or2","port":"in1"},"vertices":[{"x":815,"y":295}]},{"from":{"id":"nand6","port":"out"},"to":{"id":"or1","port":"in2"},"vertices":[{"x":425,"y":-60}]}],"subcircuits":{}}
