{"devices":{"e":{"label":"E","type":"Button","propagation":0,"position":{"x":-160,"y":10}},"clk":{"label":"Clk","type":"Button","propagation":0,"position":{"x":-160,"y":-50}},"not":{"label":"~G","type":"Not","propagation":0,"bits":1,"position":{"x":-135,"y":110}},"and1":{"label":"FE","type":"And","propagation":0,"bits":1,"position":{"x":30,"y":190}},"and2":{"label":"GE","type":"And","propagation":0,"bits":1,"position":{"x":10,"y":20}},"and3":{"label":"(~G)E","type":"And","propagation":0,"bits":1,"position":{"x":20,"y":100}},"and4":{"label":"FG","type":"And","propagation":0,"bits":1,"position":{"x":245,"y":175}},"or1":{"label":"GE + FE","type":"Or","propagation":0,"bits":1,"position":{"x":165,"y":15}},"or2":{"label":"(~G)E + FE","type":"Or","propagation":0,"bits":1,"position":{"x":175,"y":90}},"fff":{"label":"F FlipFlop","type":"Dff","propagation":0,"polarity":{"clock":true},"bits":1,"initial":"x","position":{"x":335,"y":30}},"ffg":{"label":"G FlipFlop","type":"Dff","propagation":0,"polarity":{"clock":true},"bits":1,"initial":"x","position":{"x":340,"y":95}},"a":{"label":"A","type":"Lamp","propagation":0,"position":{"x":395,"y":180}}},"connectors":[{"from":{"id":"or1","port":"out"},"to":{"id":"fff","port":"in"}},{"from":{"id":"or2","port":"out"},"to":{"id":"ffg","port":"in"}},{"from":{"id":"not","port":"out"},"to":{"id":"and3","port":"in2"}},{"from":{"id":"e","port":"out"},"to":{"id":"and2","port":"in1"}},{"from":{"id":"e","port":"out"},"to":{"id":"and3","port":"in1"}},{"from":{"id":"and2","port":"out"},"to":{"id":"or1","port":"in1"}},{"from":{"id":"and3","port":"out"},"to":{"id":"or2","port":"in1"}},{"from":{"id":"and1","port":"out"},"to":{"id":"or2","port":"in2"}},{"from":{"id":"and1","port":"out"},"to":{"id":"or1","port":"in2"}},{"from":{"id":"e","port":"out"},"to":{"id":"and1","port":"in1"}},{"from":{"id":"ffg","port":"out"},"to":{"id":"not","port":"in"},"vertices":[{"x":410.95,"y":240},{"x":325,"y":240}]},{"from":{"id":"ffg","port":"out"},"to":{"id":"and2","port":"in2"},"vertices":[{"x":440,"y":210},{"x":405,"y":240},{"x":-90,"y":195},{"x":-145,"y":140},{"x":-120,"y":85}]},{"from":{"id":"fff","port":"out"},"to":{"id":"and1","port":"in2"},"vertices":[{"x":460,"y":255}]},{"from":{"id":"clk","port":"out"},"to":{"id":"fff","port":"clk"},"vertices":[{"x":270,"y":-35}]},{"from":{"id":"clk","port":"out"},"to":{"id":"ffg","port":"clk"},"vertices":[{"x":275,"y":-35}]},{"from":{"id":"and4","port":"out"},"to":{"id":"a","port":"in"}},{"from":{"id":"fff","port":"out"},"to":{"id":"and4","port":"in1"},"vertices":[{"x":460,"y":165}]},{"from":{"id":"ffg","port":"out"},"to":{"id":"and4","port":"in2"},"vertices":[{"x":390,"y":240},{"x":225,"y":240}]}],"subcircuits":{}}