{"devices":{"a":{"label":"a","type":"Button","propagation":0,"position":{"x":15,"y":0}},"b":{"label":"b","type":"Button","propagation":0,"position":{"x":15,"y":50}},"cin":{"label":"cin","type":"Button","propagation":0,"position":{"x":15,"y":100}},"s":{"label":"s","type":"Lamp","propagation":1,"position":{"x":470,"y":70}},"cout":{"label":"cout","type":"Lamp","propagation":1,"position":{"x":540,"y":-5}},"xor1":{"label":"a xor b","type":"Xor","propagation":1,"bits":1,"position":{"x":140,"y":20}},"xor2":{"label":"(a xor b) xor cin","type":"Xor","propagation":1,"bits":1,"position":{"x":275,"y":75}},"and1":{"label":"(a xor b) and cin","type":"And","propagation":1,"bits":1,"position":{"x":290,"y":25}},"and2":{"label":"a and b","type":"And","propagation":1,"bits":1,"position":{"x":210,"y":-25}},"or":{"label":"((a xor b) and cin) or (a and b)","type":"Or","propagation":1,"bits":1,"position":{"x":380,"y":-30}}},"connectors":[{"from":{"id":"xor2","port":"out"},"to":{"id":"s","port":"in"}},{"from":{"id":"xor1","port":"out"},"to":{"id":"xor2","port":"in1"}},{"from":{"id":"cin","port":"out"},"to":{"id":"xor2","port":"in2"}},{"from":{"id":"a","port":"out"},"to":{"id":"xor1","port":"in1"}},{"from":{"id":"b","port":"out"},"to":{"id":"xor1","port":"in2"}},{"from":{"id":"cin","port":"out"},"to":{"id":"and1","port":"in2"},"vertices":[{"x":225,"y":115}]},{"from":{"id":"xor1","port":"out"},"to":{"id":"and1","port":"in1"}},{"from":{"id":"a","port":"out"},"to":{"id":"and2","port":"in1"}},{"from":{"id":"b","port":"out"},"to":{"id":"and2","port":"in2"},"vertices":[{"x":105,"y":25}]},{"from":{"id":"and1","port":"out"},"to":{"id":"or","port":"in2"}},{"from":{"id":"and2","port":"out"},"to":{"id":"or","port":"in1"}},{"from":{"id":"or","port":"out"},"to":{"id":"cout","port":"in"}}],"subcircuits":{}}
