{"devices":{"x0":{"label":"x0","type":"Button","propagation":0,"position":{"x":0,"y":0}},"x1":{"label":"x1","type":"Button","propagation":0,"position":{"x":0,"y":50}},"x2":{"label":"x2","type":"Button","propagation":0,"position":{"x":0,"y":105}},"x3":{"label":"x3","type":"Button","propagation":0,"position":{"x":0,"y":160}},"x4":{"label":"x4","type":"Button","propagation":0,"position":{"x":0,"y":215}},"x5":{"label":"x5","type":"Button","propagation":0,"position":{"x":0,"y":265}},"x6":{"label":"x6","type":"Button","propagation":0,"position":{"x":0,"y":320}},"x7":{"label":"x7","type":"Button","propagation":0,"position":{"x":0,"y":375}},"y0":{"label":"y0","type":"Lamp","propagation":0,"position":{"x":570,"y":185}},"y1":{"label":"y1","type":"Lamp","propagation":0,"position":{"x":530,"y":210}},"y2":{"label":"y2","type":"Lamp","propagation":0,"position":{"x":485,"y":240}},"or1":{"label":"x1 or x3","type":"Or","propagation":0,"bits":1,"position":{"x":190,"y":80}},"or2":{"label":"x5 or x7","type":"Or","propagation":0,"bits":1,"position":{"x":195,"y":140}},"or3":{"label":"x1 or x3 or x5 or x7","type":"Or","propagation":0,"bits":1,"position":{"x":345,"y":120}},"or4":{"label":"x2 or x3","type":"Or","propagation":0,"bits":1,"position":{"x":200,"y":200}},"or5":{"label":"x6 or x7","type":"Or","propagation":0,"bits":1,"position":{"x":205,"y":290}},"or6":{"label":"x2 or x3 or x6 or x7","type":"Or","propagation":0,"bits":1,"position":{"x":350,"y":225}},"or7":{"label":"x4 or x5","type":"Or","propagation":0,"bits":1,"position":{"x":200,"y":360}},"or8":{"label":"x4 or x5 or x6 or x7","type":"Or","propagation":0,"bits":1,"position":{"x":360,"y":320}}},"connectors":[{"from":{"id":"x1","port":"out"},"to":{"id":"or1","port":"in1"}},{"from":{"id":"x3","port":"out"},"to":{"id":"or1","port":"in2"}},{"from":{"id":"x5","port":"out"},"to":{"id":"or2","port":"in1"},"vertices":[{"x":135,"y":170}]},{"from":{"id":"x7","port":"out"},"to":{"id":"or2","port":"in2"},"vertices":[{"x":145,"y":310}]},{"from":{"id":"x2","port":"out"},"to":{"id":"or4","port":"in1"}},{"from":{"id":"x3","port":"out"},"to":{"id":"or4","port":"in2"}},{"from":{"id":"x6","port":"out"},"to":{"id":"or5","port":"in1"},"vertices":[{"x":90,"y":335}]},{"from":{"id":"x7","port":"out"},"to":{"id":"or5","port":"in2"}},{"from":{"id":"x4","port":"out"},"to":{"id":"or7","port":"in1"},"vertices":[{"x":95,"y":290}]},{"from":{"id":"x5","port":"out"},"to":{"id":"or7","port":"in2"}},{"from":{"id":"or1","port":"out"},"to":{"id":"or3","port":"in1"}},{"from":{"id":"or2","port":"out"},"to":{"id":"or3","port":"in2"}},{"from":{"id":"or4","port":"out"},"to":{"id":"or6","port":"in1"}},{"from":{"id":"or5","port":"out"},"to":{"id":"or6","port":"in2"}},{"from":{"id":"or5","port":"out"},"to":{"id":"or8","port":"in1"}},{"from":{"id":"or7","port":"out"},"to":{"id":"or8","port":"in2"}},{"from":{"id":"or3","port":"out"},"to":{"id":"y0","port":"in"}},{"from":{"id":"or6","port":"out"},"to":{"id":"y1","port":"in"}},{"from":{"id":"or8","port":"out"},"to":{"id":"y2","port":"in"}}],"subcircuits":{}}
