{"devices":{"x":{"label":"x","type":"Button","propagation":0,"position":{"x":-50,"y":0}},"a0":{"label":"a0","type":"Button","propagation":0,"position":{"x":-45,"y":185}},"a1":{"label":"a1","type":"Button","propagation":0,"position":{"x":-50,"y":100}},"y0":{"label":"y0","type":"Lamp","propagation":0,"position":{"x":495,"y":15}},"y1":{"label":"y1","type":"Lamp","propagation":0,"position":{"x":495,"y":75}},"y2":{"label":"y2","type":"Lamp","propagation":0,"position":{"x":495,"y":130}},"y3":{"label":"y3","type":"Lamp","propagation":0,"position":{"x":500,"y":185}},"not1":{"label":"~a0","type":"Not","propagation":0,"bits":1,"position":{"x":85,"y":225}},"not2":{"label":"~a1","type":"Not","propagation":0,"bits":1,"position":{"x":45,"y":110}},"and1":{"label":"x and ~a1","type":"And","propagation":0,"bits":1,"position":{"x":150,"y":55}},"and2":{"label":"x and a1","type":"And","propagation":0,"bits":1,"position":{"x":160,"y":155}},"and3":{"label":"x and ~a1 and ~a0","type":"And","propagation":0,"bits":1,"position":{"x":345,"y":10}},"and4":{"label":"x and ~a1 and a0","type":"And","propagation":0,"bits":1,"position":{"x":345,"y":70}},"and5":{"label":"x and a1 and ~a0","type":"And","propagation":0,"bits":1,"position":{"x":345,"y":125}},"and6":{"label":"x and a1 and a0","type":"And","propagation":0,"bits":1,"position":{"x":350,"y":180}}},"connectors":[{"from":{"id":"not2","port":"out"},"to":{"id":"and1","port":"in2"}},{"from":{"id":"x","port":"out"},"to":{"id":"and1","port":"in1"}},{"from":{"id":"x","port":"out"},"to":{"id":"and2","port":"in1"},"vertices":[{"x":85,"y":75},{"x":110,"y":115}]},{"from":{"id":"and1","port":"out"},"to":{"id":"and3","port":"in1"}},{"from":{"id":"and1","port":"out"},"to":{"id":"and4","port":"in1"}},{"from":{"id":"and2","port":"out"},"to":{"id":"and5","port":"in1"},"vertices":[{"x":285,"y":135}]},{"from":{"id":"and2","port":"out"},"to":{"id":"and6","port":"in1"}},{"from":{"id":"not1","port":"out"},"to":{"id":"and3","port":"in2"},"vertices":[{"x":290,"y":225},{"x":290,"y":155}]},{"from":{"id":"not1","port":"out"},"to":{"id":"and5","port":"in2"},"vertices":[{"x":285,"y":200}]},{"from":{"id":"and3","port":"out"},"to":{"id":"y0","port":"in"}},{"from":{"id":"and4","port":"out"},"to":{"id":"y1","port":"in"}},{"from":{"id":"and5","port":"out"},"to":{"id":"y2","port":"in"}},{"from":{"id":"and6","port":"out"},"to":{"id":"y3","port":"in"}},{"from":{"id":"a1","port":"out"},"to":{"id":"not2","port":"in"}},{"from":{"id":"a1","port":"out"},"to":{"id":"and2","port":"in2"},"vertices":[{"x":35,"y":145},{"x":65,"y":185}]},{"from":{"id":"a0","port":"out"},"to":{"id":"not1","port":"in"}},{"from":{"id":"a0","port":"out"},"to":{"id":"and4","port":"in2"},"vertices":[{"x":305,"y":200}]},{"from":{"id":"a0","port":"out"},"to":{"id":"and6","port":"in2"}}],"subcircuits":{}}