{"devices":{"d":{"label":"D","type":"Button","propagation":0,"position":{"x":-110,"y":110}},"e":{"label":"E","type":"Button","propagation":0,"position":{"x":-110,"y":210}},"q":{"label":"Q","type":"Lamp","propagation":0,"position":{"x":395,"y":130}},"notq":{"label":"~Q","type":"Lamp","propagation":0,"position":{"x":395,"y":230}},"nand1":{"label":"nand","type":"Nand","propagation":0,"bits":1,"position":{"x":235,"y":225}},"nand2":{"label":"nand","type":"Nand","propagation":0,"bits":1,"position":{"x":230,"y":125}},"nand3":{"label":"nand","type":"Nand","propagation":0,"bits":1,"position":{"x":55,"y":120}},"nand4":{"label":"nand","type":"Nand","propagation":0,"bits":1,"position":{"x":85,"y":215}}},"connectors":[{"from":{"id":"nand2","port":"out"},"to":{"id":"nand1","port":"in1"}},{"from":{"id":"nand1","port":"out"},"to":{"id":"nand2","port":"in2"}},{"from":{"id":"nand1","port":"out"},"to":{"id":"notq","port":"in"}},{"from":{"id":"nand2","port":"out"},"to":{"id":"q","port":"in"}},{"from":{"id":"e","port":"out"},"to":{"id":"nand4","port":"in2"}},{"from":{"id":"e","port":"out"},"to":{"id":"nand3","port":"in2"}},{"from":{"id":"d","port":"out"},"to":{"id":"nand3","port":"in1"}},{"from":{"id":"nand3","port":"out"},"to":{"id":"nand4","port":"in1"}},{"from":{"id":"nand3","port":"out"},"to":{"id":"nand2","port":"in1"}},{"from":{"id":"nand4","port":"out"},"to":{"id":"nand1","port":"in2"}}],"subcircuits":{}}