{"devices":{"a":{"label":"a","type":"Button","propagation":0,"position":{"x":15,"y":0}},"b":{"label":"b","type":"Button","propagation":0,"position":{"x":15,"y":50}},"s":{"label":"s","type":"Lamp","propagation":1,"position":{"x":315,"y":45}},"cout":{"label":"cout","type":"Lamp","propagation":1,"position":{"x":315,"y":0}},"xor":{"label":"a xor b","type":"Xor","propagation":1,"bits":1,"position":{"x":160,"y":50}},"and":{"label":"a and b","type":"And","propagation":1,"bits":1,"position":{"x":155,"y":-5}}},"connectors":[{"from":{"id":"a","port":"out"},"to":{"id":"and","port":"in1"}},{"from":{"id":"b","port":"out"},"to":{"id":"and","port":"in2"}},{"from":{"id":"and","port":"out"},"to":{"id":"cout","port":"in"}},{"from":{"id":"a","port":"out"},"to":{"id":"xor","port":"in1"}},{"from":{"id":"b","port":"out"},"to":{"id":"xor","port":"in2"}},{"from":{"id":"xor","port":"out"},"to":{"id":"s","port":"in"}}],"subcircuits":{}}
