{"devices":{"s":{"label":"S","type":"Button","propagation":0,"position":{"x":0,"y":0}},"r":{"label":"R","type":"Button","propagation":0,"position":{"x":0,"y":55}},"y":{"label":"Y","type":"Lamp","propagation":0,"position":{"x":430,"y":25}},"or":{"label":"or","type":"Or","propagation":0,"bits":1,"position":{"x":135,"y":-45}},"and":{"label":"and","type":"And","propagation":0,"bits":1,"position":{"x":255,"y":-10}},"not":{"label":"not","type":"Not","propagation":0,"bits":1,"position":{"x":130,"y":50}}},"connectors":[{"from":{"id":"r","port":"out"},"to":{"id":"not","port":"in"}},{"from":{"id":"not","port":"out"},"to":{"id":"and","port":"in2"}},{"from":{"id":"s","port":"out"},"to":{"id":"or","port":"in2"}},{"from":{"id":"or","port":"out"},"to":{"id":"and","port":"in1"}},{"from":{"id":"and","port":"out"},"to":{"id":"or","port":"in1"},"vertices":[{"x":270,"y":-75}]},{"from":{"id":"and","port":"out"},"to":{"id":"y","port":"in"}}],"subcircuits":{}}