<?xml version="1.0" encoding="utf-8" standalone="no"?>
<manifest identifier="SZ&amp;AD&amp;FB.TUBergakademieFreiberg.Schaltwerke.a1804a9a-0691-45d4-8f35-0825be32928e" version="1" xmlns:adlnav="http://www.adlnet.org/xsd/adlnav_v1p3" xmlns="http://www.imsglobal.org/xsd/imscp_v1p1" xmlns:adlseq="http://www.adlnet.org/xsd/adlseq_v1p3" xmlns:imsss="http://www.imsglobal.org/xsd/imsss" xmlns:adlcp="http://www.adlnet.org/xsd/adlcp_v1p3" xmlns:xsi="http://www.w3.org/2001/XMLSchema-instance" xsi:schemaLocation="http://www.imsglobal.org/xsd/imscp_v1p1 imscp_v1p1.xsd http://www.adlnet.org/xsd/adlcp_v1p3 adlcp_v1p3.xsd http://www.adlnet.org/xsd/adlseq_v1p3 adlseq_v1p3.xsd http://www.adlnet.org/xsd/adlnav_v1p3 adlnav_v1p3.xsd http://www.imsglobal.org/xsd/imsss imsss_v1p0.xsd">
  <metadata>
    <schema>ADL SCORM</schema>
    <schemaversion>2004 4th Edition</schemaversion>
    <adlcp:location>metadata.xml</adlcp:location>
  </metadata>
  <organizations default="TU-Bergakademie_Freiberg">
    <organization identifier="TU-Bergakademie_Freiberg">
      <title>Schaltwerke</title>
      <item identifier="item_SZ&amp;AD&amp;FB.TUBergakademieFreiberg.Schaltwerke.a1804a9a-0691-45d4-8f35-0825be32928e" identifierref="resource_SZ&amp;AD&amp;FB.TUBergakademieFreiberg.Schaltwerke.a1804a9a-0691-45d4-8f35-0825be32928e" parameters="07_Schaltwerke.md">
        <title>Schaltwerke</title>
        <imsss:sequencing>
          <imsss:objectives>
            <imsss:primaryObjective objectiveID="PRIMARYOBJ" satisfiedByMeasure="true">
              <imsss:minNormalizedMeasure>0.8</imsss:minNormalizedMeasure>
            </imsss:primaryObjective>
          </imsss:objectives>
          <imsss:deliveryControls completionSetByContent="true" objectiveSetByContent="true"/>
        </imsss:sequencing>
        <metadata>
          <schema>ADL SCORM</schema>
          <schemaversion>2004 4th Edition</schemaversion>
          <adlcp:location>metadata.xml</adlcp:location>
        </metadata>
      </item>
      <metadata>
        <schema>ADL SCORM</schema>
        <schemaversion>2004 4th Edition</schemaversion>
        <adlcp:location>metadata.xml</adlcp:location>
      </metadata>
      <imsss:sequencing>
        <imsss:controlMode choice="true" flow="true"/>
      </imsss:sequencing>
    </organization>
  </organizations>
  <resources>
    <metadata>
      <schema>ADL SCORM</schema>
      <schemaversion>2004 4th Edition</schemaversion>
      <adlcp:location>metadata.xml</adlcp:location>
    </metadata>
    <resource identifier="resource_SZ&amp;AD&amp;FB.TUBergakademieFreiberg.Schaltwerke.a1804a9a-0691-45d4-8f35-0825be32928e" type="webcontent" href="index.html" adlcp:scormType="sco">
      <metadata>
        <schema>ADL SCORM</schema>
        <schemaversion>2004 4th Edition</schemaversion>
        <adlcp:location>metadata.xml</adlcp:location>
      </metadata>
      <file href="00_Einfuehrung.md"/>
      <file href="01_HistorischerUeberblick.md"/>
      <file href="02_BoolscheAlgebra.md"/>
      <file href="03_Minimierung.md"/>
      <file href="04_Schaltnetze.md"/>
      <file href="05_Standardschaltnetze.md"/>
      <file href="06_FlipFlops.md"/>
      <file href="07_Schaltwerke.md"/>
      <file href="08_StandardSchaltwerke.md"/>
      <file href="09_Rechnerarithmetik.md"/>
      <file href="10_CPU_Basis.md"/>
      <file href="11_Modell_CPU.md"/>
      <file href="13_AVR_CPU.md"/>
      <file href="14_ADC.md"/>
      <file href="15_TimerUndInterrupts.md"/>
      <file href="16_Aktoren.md"/>
      <file href="Edrys.5911625e.js"/>
      <file href="Edrys.becbdce1.js"/>
      <file href="Edrys.e166f0a9.js"/>
      <file href="Edrys.fb6f1ed7.js"/>
      <file href="Gun.b4a8b12a.js"/>
      <file href="Gun.dfece915.js"/>
      <file href="Jitsi.1c0a2389.js"/>
      <file href="Jitsi.4f241ff6.js"/>
      <file href="KaTeX_AMS-Regular.0ed69bcc.woff"/>
      <file href="KaTeX_AMS-Regular.250082d1.ttf"/>
      <file href="KaTeX_AMS-Regular.4cd18550.woff2"/>
      <file href="KaTeX_Caligraphic-Bold.5d7c4d00.ttf"/>
      <file href="KaTeX_Caligraphic-Bold.7d84fcea.woff2"/>
      <file href="KaTeX_Caligraphic-Bold.8b718944.woff"/>
      <file href="KaTeX_Caligraphic-Regular.7e34eae2.woff2"/>
      <file href="KaTeX_Caligraphic-Regular.ab0f4493.woff"/>
      <file href="KaTeX_Caligraphic-Regular.d4de5f30.ttf"/>
      <file href="KaTeX_Fraktur-Bold.4d449c5d.ttf"/>
      <file href="KaTeX_Fraktur-Bold.75fe0c6c.woff"/>
      <file href="KaTeX_Fraktur-Bold.db0fea8b.woff2"/>
      <file href="KaTeX_Fraktur-Regular.1cce75f1.woff"/>
      <file href="KaTeX_Fraktur-Regular.7a216293.woff2"/>
      <file href="KaTeX_Fraktur-Regular.ab0bff81.ttf"/>
      <file href="KaTeX_Main-Bold.08709b09.woff"/>
      <file href="KaTeX_Main-Bold.88cef7b1.woff2"/>
      <file href="KaTeX_Main-Bold.95836a30.ttf"/>
      <file href="KaTeX_Main-BoldItalic.26f3c4f3.ttf"/>
      <file href="KaTeX_Main-BoldItalic.c09d0cf1.woff2"/>
      <file href="KaTeX_Main-BoldItalic.d122a512.woff"/>
      <file href="KaTeX_Main-Italic.66e02c4c.woff"/>
      <file href="KaTeX_Main-Italic.c6e95937.ttf"/>
      <file href="KaTeX_Main-Italic.de0e580d.woff2"/>
      <file href="KaTeX_Main-Regular.5a82f7eb.woff"/>
      <file href="KaTeX_Main-Regular.cd9ba532.ttf"/>
      <file href="KaTeX_Main-Regular.e2dbd876.woff2"/>
      <file href="KaTeX_Math-BoldItalic.6cf39e99.woff2"/>
      <file href="KaTeX_Math-BoldItalic.b0ed6322.woff"/>
      <file href="KaTeX_Math-BoldItalic.df285d77.ttf"/>
      <file href="KaTeX_Math-Italic.0470e72d.woff2"/>
      <file href="KaTeX_Math-Italic.cfffd3c0.woff"/>
      <file href="KaTeX_Math-Italic.ffea941f.ttf"/>
      <file href="KaTeX_SansSerif-Bold.67ea3185.ttf"/>
      <file href="KaTeX_SansSerif-Bold.8e1222db.woff"/>
      <file href="KaTeX_SansSerif-Bold.b444b1f5.woff2"/>
      <file href="KaTeX_SansSerif-Italic.6a451fb7.woff2"/>
      <file href="KaTeX_SansSerif-Italic.75326218.ttf"/>
      <file href="KaTeX_SansSerif-Italic.fb683703.woff"/>
      <file href="KaTeX_SansSerif-Regular.51b8a34d.ttf"/>
      <file href="KaTeX_SansSerif-Regular.94fae992.woff"/>
      <file href="KaTeX_SansSerif-Regular.e52904c3.woff2"/>
      <file href="KaTeX_Script-Regular.6205c9f9.woff"/>
      <file href="KaTeX_Script-Regular.964126b9.ttf"/>
      <file href="KaTeX_Script-Regular.9f85c0f7.woff2"/>
      <file href="KaTeX_Size1-Regular.263f0826.woff2"/>
      <file href="KaTeX_Size1-Regular.679bf7b5.woff"/>
      <file href="KaTeX_Size1-Regular.9e7bb2db.ttf"/>
      <file href="KaTeX_Size2-Regular.16a5807b.ttf"/>
      <file href="KaTeX_Size2-Regular.5c5b0f28.woff"/>
      <file href="KaTeX_Size2-Regular.7ddce1f2.woff2"/>
      <file href="KaTeX_Size3-Regular.2a93ab93.woff"/>
      <file href="KaTeX_Size3-Regular.347ba5e0.ttf"/>
      <file href="KaTeX_Size3-Regular.8e605720.woff2"/>
      <file href="KaTeX_Size4-Regular.2488fb45.woff"/>
      <file href="KaTeX_Size4-Regular.595ce6e5.woff2"/>
      <file href="KaTeX_Size4-Regular.f41b14d6.ttf"/>
      <file href="KaTeX_Typewriter-Regular.21beea8e.woff2"/>
      <file href="KaTeX_Typewriter-Regular.662fc5b4.woff"/>
      <file href="KaTeX_Typewriter-Regular.ffbe21f7.ttf"/>
      <file href="PubNub.c2fba931.js"/>
      <file href="PubNub.e4d43f2c.js"/>
      <file href="SCORM2004.25f0b6df.js"/>
      <file href="SCORM2004.c8a2ae23.js"/>
      <file href="config.js"/>
      <file href="course.js"/>
      <file href="editor/ace.js"/>
      <file href="editor/ext-beautify.js"/>
      <file href="editor/ext-code_lens.js"/>
      <file href="editor/ext-elastic_tabstops_lite.js"/>
      <file href="editor/ext-emmet.js"/>
      <file href="editor/ext-error_marker.js"/>
      <file href="editor/ext-hardwrap.js"/>
      <file href="editor/ext-keybinding_menu.js"/>
      <file href="editor/ext-language_tools.js"/>
      <file href="editor/ext-linking.js"/>
      <file href="editor/ext-modelist.js"/>
      <file href="editor/ext-options.js"/>
      <file href="editor/ext-prompt.js"/>
      <file href="editor/ext-rtl.js"/>
      <file href="editor/ext-searchbox.js"/>
      <file href="editor/ext-settings_menu.js"/>
      <file href="editor/ext-spellcheck.js"/>
      <file href="editor/ext-split.js"/>
      <file href="editor/ext-static_highlight.js"/>
      <file href="editor/ext-statusbar.js"/>
      <file href="editor/ext-textarea.js"/>
      <file href="editor/ext-themelist.js"/>
      <file href="editor/ext-whitespace.js"/>
      <file href="editor/keybinding-emacs.js"/>
      <file href="editor/keybinding-sublime.js"/>
      <file href="editor/keybinding-vim.js"/>
      <file href="editor/keybinding-vscode.js"/>
      <file href="editor/mode-abap.js"/>
      <file href="editor/mode-abc.js"/>
      <file href="editor/mode-actionscript.js"/>
      <file href="editor/mode-ada.js"/>
      <file href="editor/mode-alda.js"/>
      <file href="editor/mode-apache_conf.js"/>
      <file href="editor/mode-apex.js"/>
      <file href="editor/mode-applescript.js"/>
      <file href="editor/mode-aql.js"/>
      <file href="editor/mode-asciidoc.js"/>
      <file href="editor/mode-asl.js"/>
      <file href="editor/mode-assembly_x86.js"/>
      <file href="editor/mode-autohotkey.js"/>
      <file href="editor/mode-batchfile.js"/>
      <file href="editor/mode-bibtex.js"/>
      <file href="editor/mode-c9search.js"/>
      <file href="editor/mode-c_cpp.js"/>
      <file href="editor/mode-cirru.js"/>
      <file href="editor/mode-clojure.js"/>
      <file href="editor/mode-cobol.js"/>
      <file href="editor/mode-coffee.js"/>
      <file href="editor/mode-coldfusion.js"/>
      <file href="editor/mode-crystal.js"/>
      <file href="editor/mode-csharp.js"/>
      <file href="editor/mode-csound_document.js"/>
      <file href="editor/mode-csound_orchestra.js"/>
      <file href="editor/mode-csound_score.js"/>
      <file href="editor/mode-csp.js"/>
      <file href="editor/mode-css.js"/>
      <file href="editor/mode-curly.js"/>
      <file href="editor/mode-d.js"/>
      <file href="editor/mode-dart.js"/>
      <file href="editor/mode-diff.js"/>
      <file href="editor/mode-django.js"/>
      <file href="editor/mode-dockerfile.js"/>
      <file href="editor/mode-dot.js"/>
      <file href="editor/mode-drools.js"/>
      <file href="editor/mode-edifact.js"/>
      <file href="editor/mode-eiffel.js"/>
      <file href="editor/mode-ejs.js"/>
      <file href="editor/mode-elixir.js"/>
      <file href="editor/mode-elm.js"/>
      <file href="editor/mode-erlang.js"/>
      <file href="editor/mode-forth.js"/>
      <file href="editor/mode-fortran.js"/>
      <file href="editor/mode-fsharp.js"/>
      <file href="editor/mode-fsl.js"/>
      <file href="editor/mode-ftl.js"/>
      <file href="editor/mode-gcode.js"/>
      <file href="editor/mode-gherkin.js"/>
      <file href="editor/mode-gitignore.js"/>
      <file href="editor/mode-glsl.js"/>
      <file href="editor/mode-gobstones.js"/>
      <file href="editor/mode-golang.js"/>
      <file href="editor/mode-graphqlschema.js"/>
      <file href="editor/mode-groovy.js"/>
      <file href="editor/mode-haml.js"/>
      <file href="editor/mode-handlebars.js"/>
      <file href="editor/mode-haskell.js"/>
      <file href="editor/mode-haskell_cabal.js"/>
      <file href="editor/mode-haxe.js"/>
      <file href="editor/mode-hjson.js"/>
      <file href="editor/mode-html.js"/>
      <file href="editor/mode-html_elixir.js"/>
      <file href="editor/mode-html_ruby.js"/>
      <file href="editor/mode-ini.js"/>
      <file href="editor/mode-io.js"/>
      <file href="editor/mode-ion.js"/>
      <file href="editor/mode-jack.js"/>
      <file href="editor/mode-jade.js"/>
      <file href="editor/mode-java.js"/>
      <file href="editor/mode-javascript.js"/>
      <file href="editor/mode-jexl.js"/>
      <file href="editor/mode-json.js"/>
      <file href="editor/mode-json5.js"/>
      <file href="editor/mode-jsoniq.js"/>
      <file href="editor/mode-jsp.js"/>
      <file href="editor/mode-jssm.js"/>
      <file href="editor/mode-jsx.js"/>
      <file href="editor/mode-julia.js"/>
      <file href="editor/mode-kotlin.js"/>
      <file href="editor/mode-latex.js"/>
      <file href="editor/mode-latte.js"/>
      <file href="editor/mode-less.js"/>
      <file href="editor/mode-liquid.js"/>
      <file href="editor/mode-lisp.js"/>
      <file href="editor/mode-livescript.js"/>
      <file href="editor/mode-logiql.js"/>
      <file href="editor/mode-logtalk.js"/>
      <file href="editor/mode-lsl.js"/>
      <file href="editor/mode-lua.js"/>
      <file href="editor/mode-luapage.js"/>
      <file href="editor/mode-lucene.js"/>
      <file href="editor/mode-makefile.js"/>
      <file href="editor/mode-markdown.js"/>
      <file href="editor/mode-mask.js"/>
      <file href="editor/mode-matlab.js"/>
      <file href="editor/mode-maze.js"/>
      <file href="editor/mode-mediawiki.js"/>
      <file href="editor/mode-mel.js"/>
      <file href="editor/mode-mips.js"/>
      <file href="editor/mode-mixal.js"/>
      <file href="editor/mode-mushcode.js"/>
      <file href="editor/mode-mysql.js"/>
      <file href="editor/mode-nginx.js"/>
      <file href="editor/mode-nim.js"/>
      <file href="editor/mode-nix.js"/>
      <file href="editor/mode-nsis.js"/>
      <file href="editor/mode-nunjucks.js"/>
      <file href="editor/mode-objectivec.js"/>
      <file href="editor/mode-ocaml.js"/>
      <file href="editor/mode-partiql.js"/>
      <file href="editor/mode-pascal.js"/>
      <file href="editor/mode-perl.js"/>
      <file href="editor/mode-pgsql.js"/>
      <file href="editor/mode-php.js"/>
      <file href="editor/mode-php_laravel_blade.js"/>
      <file href="editor/mode-pig.js"/>
      <file href="editor/mode-plain_text.js"/>
      <file href="editor/mode-plsql.js"/>
      <file href="editor/mode-powershell.js"/>
      <file href="editor/mode-praat.js"/>
      <file href="editor/mode-prisma.js"/>
      <file href="editor/mode-prolog.js"/>
      <file href="editor/mode-properties.js"/>
      <file href="editor/mode-protobuf.js"/>
      <file href="editor/mode-puppet.js"/>
      <file href="editor/mode-python.js"/>
      <file href="editor/mode-qml.js"/>
      <file href="editor/mode-r.js"/>
      <file href="editor/mode-raku.js"/>
      <file href="editor/mode-razor.js"/>
      <file href="editor/mode-rdoc.js"/>
      <file href="editor/mode-red.js"/>
      <file href="editor/mode-redshift.js"/>
      <file href="editor/mode-rhtml.js"/>
      <file href="editor/mode-robot.js"/>
      <file href="editor/mode-rst.js"/>
      <file href="editor/mode-ruby.js"/>
      <file href="editor/mode-rust.js"/>
      <file href="editor/mode-sac.js"/>
      <file href="editor/mode-sass.js"/>
      <file href="editor/mode-scad.js"/>
      <file href="editor/mode-scala.js"/>
      <file href="editor/mode-scheme.js"/>
      <file href="editor/mode-scrypt.js"/>
      <file href="editor/mode-scss.js"/>
      <file href="editor/mode-sh.js"/>
      <file href="editor/mode-sjs.js"/>
      <file href="editor/mode-slim.js"/>
      <file href="editor/mode-smarty.js"/>
      <file href="editor/mode-smithy.js"/>
      <file href="editor/mode-snippets.js"/>
      <file href="editor/mode-soy_template.js"/>
      <file href="editor/mode-space.js"/>
      <file href="editor/mode-sparql.js"/>
      <file href="editor/mode-sql.js"/>
      <file href="editor/mode-sqlserver.js"/>
      <file href="editor/mode-stylus.js"/>
      <file href="editor/mode-svg.js"/>
      <file href="editor/mode-swift.js"/>
      <file href="editor/mode-tcl.js"/>
      <file href="editor/mode-terraform.js"/>
      <file href="editor/mode-tex.js"/>
      <file href="editor/mode-text.js"/>
      <file href="editor/mode-textile.js"/>
      <file href="editor/mode-toml.js"/>
      <file href="editor/mode-tsx.js"/>
      <file href="editor/mode-turtle.js"/>
      <file href="editor/mode-twig.js"/>
      <file href="editor/mode-typescript.js"/>
      <file href="editor/mode-vala.js"/>
      <file href="editor/mode-vbscript.js"/>
      <file href="editor/mode-velocity.js"/>
      <file href="editor/mode-verilog.js"/>
      <file href="editor/mode-vhdl.js"/>
      <file href="editor/mode-visualforce.js"/>
      <file href="editor/mode-wollok.js"/>
      <file href="editor/mode-xml.js"/>
      <file href="editor/mode-xquery.js"/>
      <file href="editor/mode-yaml.js"/>
      <file href="editor/mode-zeek.js"/>
      <file href="editor/snippets/abap.js"/>
      <file href="editor/snippets/abc.js"/>
      <file href="editor/snippets/actionscript.js"/>
      <file href="editor/snippets/ada.js"/>
      <file href="editor/snippets/alda.js"/>
      <file href="editor/snippets/apache_conf.js"/>
      <file href="editor/snippets/apex.js"/>
      <file href="editor/snippets/applescript.js"/>
      <file href="editor/snippets/aql.js"/>
      <file href="editor/snippets/asciidoc.js"/>
      <file href="editor/snippets/asl.js"/>
      <file href="editor/snippets/assembly_x86.js"/>
      <file href="editor/snippets/autohotkey.js"/>
      <file href="editor/snippets/batchfile.js"/>
      <file href="editor/snippets/bibtex.js"/>
      <file href="editor/snippets/c9search.js"/>
      <file href="editor/snippets/c_cpp.js"/>
      <file href="editor/snippets/cirru.js"/>
      <file href="editor/snippets/clojure.js"/>
      <file href="editor/snippets/cobol.js"/>
      <file href="editor/snippets/coffee.js"/>
      <file href="editor/snippets/coldfusion.js"/>
      <file href="editor/snippets/crystal.js"/>
      <file href="editor/snippets/csharp.js"/>
      <file href="editor/snippets/csound_document.js"/>
      <file href="editor/snippets/csound_orchestra.js"/>
      <file href="editor/snippets/csound_score.js"/>
      <file href="editor/snippets/csp.js"/>
      <file href="editor/snippets/css.js"/>
      <file href="editor/snippets/curly.js"/>
      <file href="editor/snippets/d.js"/>
      <file href="editor/snippets/dart.js"/>
      <file href="editor/snippets/diff.js"/>
      <file href="editor/snippets/django.js"/>
      <file href="editor/snippets/dockerfile.js"/>
      <file href="editor/snippets/dot.js"/>
      <file href="editor/snippets/drools.js"/>
      <file href="editor/snippets/edifact.js"/>
      <file href="editor/snippets/eiffel.js"/>
      <file href="editor/snippets/ejs.js"/>
      <file href="editor/snippets/elixir.js"/>
      <file href="editor/snippets/elm.js"/>
      <file href="editor/snippets/erlang.js"/>
      <file href="editor/snippets/forth.js"/>
      <file href="editor/snippets/fortran.js"/>
      <file href="editor/snippets/fsharp.js"/>
      <file href="editor/snippets/fsl.js"/>
      <file href="editor/snippets/ftl.js"/>
      <file href="editor/snippets/gcode.js"/>
      <file href="editor/snippets/gherkin.js"/>
      <file href="editor/snippets/gitignore.js"/>
      <file href="editor/snippets/glsl.js"/>
      <file href="editor/snippets/gobstones.js"/>
      <file href="editor/snippets/golang.js"/>
      <file href="editor/snippets/graphqlschema.js"/>
      <file href="editor/snippets/groovy.js"/>
      <file href="editor/snippets/haml.js"/>
      <file href="editor/snippets/handlebars.js"/>
      <file href="editor/snippets/haskell.js"/>
      <file href="editor/snippets/haskell_cabal.js"/>
      <file href="editor/snippets/haxe.js"/>
      <file href="editor/snippets/hjson.js"/>
      <file href="editor/snippets/html.js"/>
      <file href="editor/snippets/html_elixir.js"/>
      <file href="editor/snippets/html_ruby.js"/>
      <file href="editor/snippets/ini.js"/>
      <file href="editor/snippets/io.js"/>
      <file href="editor/snippets/ion.js"/>
      <file href="editor/snippets/jack.js"/>
      <file href="editor/snippets/jade.js"/>
      <file href="editor/snippets/java.js"/>
      <file href="editor/snippets/javascript.js"/>
      <file href="editor/snippets/jexl.js"/>
      <file href="editor/snippets/json.js"/>
      <file href="editor/snippets/json5.js"/>
      <file href="editor/snippets/jsoniq.js"/>
      <file href="editor/snippets/jsp.js"/>
      <file href="editor/snippets/jssm.js"/>
      <file href="editor/snippets/jsx.js"/>
      <file href="editor/snippets/julia.js"/>
      <file href="editor/snippets/kotlin.js"/>
      <file href="editor/snippets/latex.js"/>
      <file href="editor/snippets/latte.js"/>
      <file href="editor/snippets/less.js"/>
      <file href="editor/snippets/liquid.js"/>
      <file href="editor/snippets/lisp.js"/>
      <file href="editor/snippets/livescript.js"/>
      <file href="editor/snippets/logiql.js"/>
      <file href="editor/snippets/logtalk.js"/>
      <file href="editor/snippets/lsl.js"/>
      <file href="editor/snippets/lua.js"/>
      <file href="editor/snippets/luapage.js"/>
      <file href="editor/snippets/lucene.js"/>
      <file href="editor/snippets/makefile.js"/>
      <file href="editor/snippets/markdown.js"/>
      <file href="editor/snippets/mask.js"/>
      <file href="editor/snippets/matlab.js"/>
      <file href="editor/snippets/maze.js"/>
      <file href="editor/snippets/mediawiki.js"/>
      <file href="editor/snippets/mel.js"/>
      <file href="editor/snippets/mips.js"/>
      <file href="editor/snippets/mixal.js"/>
      <file href="editor/snippets/mushcode.js"/>
      <file href="editor/snippets/mysql.js"/>
      <file href="editor/snippets/nginx.js"/>
      <file href="editor/snippets/nim.js"/>
      <file href="editor/snippets/nix.js"/>
      <file href="editor/snippets/nsis.js"/>
      <file href="editor/snippets/nunjucks.js"/>
      <file href="editor/snippets/objectivec.js"/>
      <file href="editor/snippets/ocaml.js"/>
      <file href="editor/snippets/partiql.js"/>
      <file href="editor/snippets/pascal.js"/>
      <file href="editor/snippets/perl.js"/>
      <file href="editor/snippets/pgsql.js"/>
      <file href="editor/snippets/php.js"/>
      <file href="editor/snippets/php_laravel_blade.js"/>
      <file href="editor/snippets/pig.js"/>
      <file href="editor/snippets/plain_text.js"/>
      <file href="editor/snippets/plsql.js"/>
      <file href="editor/snippets/powershell.js"/>
      <file href="editor/snippets/praat.js"/>
      <file href="editor/snippets/prisma.js"/>
      <file href="editor/snippets/prolog.js"/>
      <file href="editor/snippets/properties.js"/>
      <file href="editor/snippets/protobuf.js"/>
      <file href="editor/snippets/puppet.js"/>
      <file href="editor/snippets/python.js"/>
      <file href="editor/snippets/qml.js"/>
      <file href="editor/snippets/r.js"/>
      <file href="editor/snippets/raku.js"/>
      <file href="editor/snippets/razor.js"/>
      <file href="editor/snippets/rdoc.js"/>
      <file href="editor/snippets/red.js"/>
      <file href="editor/snippets/redshift.js"/>
      <file href="editor/snippets/rhtml.js"/>
      <file href="editor/snippets/robot.js"/>
      <file href="editor/snippets/rst.js"/>
      <file href="editor/snippets/ruby.js"/>
      <file href="editor/snippets/rust.js"/>
      <file href="editor/snippets/sac.js"/>
      <file href="editor/snippets/sass.js"/>
      <file href="editor/snippets/scad.js"/>
      <file href="editor/snippets/scala.js"/>
      <file href="editor/snippets/scheme.js"/>
      <file href="editor/snippets/scrypt.js"/>
      <file href="editor/snippets/scss.js"/>
      <file href="editor/snippets/sh.js"/>
      <file href="editor/snippets/sjs.js"/>
      <file href="editor/snippets/slim.js"/>
      <file href="editor/snippets/smarty.js"/>
      <file href="editor/snippets/smithy.js"/>
      <file href="editor/snippets/snippets.js"/>
      <file href="editor/snippets/soy_template.js"/>
      <file href="editor/snippets/space.js"/>
      <file href="editor/snippets/sparql.js"/>
      <file href="editor/snippets/sql.js"/>
      <file href="editor/snippets/sqlserver.js"/>
      <file href="editor/snippets/stylus.js"/>
      <file href="editor/snippets/svg.js"/>
      <file href="editor/snippets/swift.js"/>
      <file href="editor/snippets/tcl.js"/>
      <file href="editor/snippets/terraform.js"/>
      <file href="editor/snippets/tex.js"/>
      <file href="editor/snippets/text.js"/>
      <file href="editor/snippets/textile.js"/>
      <file href="editor/snippets/toml.js"/>
      <file href="editor/snippets/tsx.js"/>
      <file href="editor/snippets/turtle.js"/>
      <file href="editor/snippets/twig.js"/>
      <file href="editor/snippets/typescript.js"/>
      <file href="editor/snippets/vala.js"/>
      <file href="editor/snippets/vbscript.js"/>
      <file href="editor/snippets/velocity.js"/>
      <file href="editor/snippets/verilog.js"/>
      <file href="editor/snippets/vhdl.js"/>
      <file href="editor/snippets/visualforce.js"/>
      <file href="editor/snippets/wollok.js"/>
      <file href="editor/snippets/xml.js"/>
      <file href="editor/snippets/xquery.js"/>
      <file href="editor/snippets/yaml.js"/>
      <file href="editor/snippets/zeek.js"/>
      <file href="editor/theme-ambiance.js"/>
      <file href="editor/theme-chaos.js"/>
      <file href="editor/theme-chrome.js"/>
      <file href="editor/theme-cloud9_day.js"/>
      <file href="editor/theme-cloud9_night.js"/>
      <file href="editor/theme-cloud9_night_low_color.js"/>
      <file href="editor/theme-clouds.js"/>
      <file href="editor/theme-clouds_midnight.js"/>
      <file href="editor/theme-cobalt.js"/>
      <file href="editor/theme-crimson_editor.js"/>
      <file href="editor/theme-dawn.js"/>
      <file href="editor/theme-dracula.js"/>
      <file href="editor/theme-dreamweaver.js"/>
      <file href="editor/theme-eclipse.js"/>
      <file href="editor/theme-github.js"/>
      <file href="editor/theme-gob.js"/>
      <file href="editor/theme-gruvbox.js"/>
      <file href="editor/theme-gruvbox_dark_hard.js"/>
      <file href="editor/theme-gruvbox_light_hard.js"/>
      <file href="editor/theme-idle_fingers.js"/>
      <file href="editor/theme-iplastic.js"/>
      <file href="editor/theme-katzenmilch.js"/>
      <file href="editor/theme-kr_theme.js"/>
      <file href="editor/theme-kuroir.js"/>
      <file href="editor/theme-merbivore.js"/>
      <file href="editor/theme-merbivore_soft.js"/>
      <file href="editor/theme-mono_industrial.js"/>
      <file href="editor/theme-monokai.js"/>
      <file href="editor/theme-nord_dark.js"/>
      <file href="editor/theme-one_dark.js"/>
      <file href="editor/theme-pastel_on_dark.js"/>
      <file href="editor/theme-solarized_dark.js"/>
      <file href="editor/theme-solarized_light.js"/>
      <file href="editor/theme-sqlserver.js"/>
      <file href="editor/theme-terminal.js"/>
      <file href="editor/theme-textmate.js"/>
      <file href="editor/theme-tomorrow.js"/>
      <file href="editor/theme-tomorrow_night.js"/>
      <file href="editor/theme-tomorrow_night_blue.js"/>
      <file href="editor/theme-tomorrow_night_bright.js"/>
      <file href="editor/theme-tomorrow_night_eighties.js"/>
      <file href="editor/theme-twilight.js"/>
      <file href="editor/theme-vibrant_ink.js"/>
      <file href="editor/theme-xcode.js"/>
      <file href="editor/worker-base.js"/>
      <file href="editor/worker-coffee.js"/>
      <file href="editor/worker-css.js"/>
      <file href="editor/worker-html.js"/>
      <file href="editor/worker-javascript.js"/>
      <file href="editor/worker-json.js"/>
      <file href="editor/worker-lua.js"/>
      <file href="editor/worker-php.js"/>
      <file href="editor/worker-xml.js"/>
      <file href="editor/worker-xquery.js"/>
      <file href="editor/worker-yaml.js"/>
      <file href="exampleCode/00_Einfuehrung/BlinkAVRLIBC/BlinkAVRLIBC.ino"/>
      <file href="exampleCode/00_Einfuehrung/BlinkArduino/BlinkArduino.ino"/>
      <file href="exampleCode/00_Einfuehrung/USsensor/USsensor.ino"/>
      <file href="exampleCode/04_Schaltnetze/arduino_based_logic_analyzer/arduino_based_logic_analyzer.ino"/>
      <file href="exampleCode/04_Schaltnetze/arduino_based_logic_analyzer_V2/arduino_based_logic_analyzer_V2.ino"/>
      <file href="exampleCode/13_AVR_CPU/Makefile"/>
      <file href="exampleCode/13_AVR_CPU/main.asm"/>
      <file href="exampleCode/13_AVR_CPU/main.c"/>
      <file href="exampleCode/13_AVR_CPU/main.elf"/>
      <file href="exampleCode/13_AVR_CPU/main.hex"/>
      <file href="exampleCode/13_AVR_CPU/main.o"/>
      <file href="exampleCode/14_ADC/Comperator/Comperator.ino"/>
      <file href="exampleCode/14_ADC/Nyquist/sampling.py"/>
      <file href="exampleCode/14_ADC/ReadingLightSensor/ReadingLightSensor.ino"/>
      <file href="exampleCode/15_Timer/CaptureMode/CaptureMode.ino"/>
      <file href="exampleCode/15_Timer/ExternalInterrupt/ExternalInterrupt.ino"/>
      <file href="exampleCode/15_Timer/ExternalInterruptASMGeneration/Makefile"/>
      <file href="exampleCode/15_Timer/ExternalInterruptASMGeneration/main.asm"/>
      <file href="exampleCode/15_Timer/ExternalInterruptASMGeneration/main.c"/>
      <file href="exampleCode/15_Timer/ExternalInterruptASMGeneration/main.elf"/>
      <file href="exampleCode/15_Timer/ExternalInterruptASMGeneration/main.hex"/>
      <file href="exampleCode/15_Timer/ExternalInterruptASMGeneration/main.i"/>
      <file href="exampleCode/15_Timer/ExternalInterruptASMGeneration/main.o"/>
      <file href="exampleCode/15_Timer/ExternalInterruptASMGeneration/main.s"/>
      <file href="exampleCode/15_Timer/InterruptAnalog/InterruptAnalog.ino"/>
      <file href="exampleCode/15_Timer/PWM_LED/PWM_LED.ino"/>
      <file href="exampleCode/15_Timer/PollingTimer/PollingTimer.ino"/>
      <file href="exampleCode/16_Aktoren/ServoDemo/ServoDemo.ino"/>
      <file href="files/04_Schaltnetze/2BitAdr_Demux.json"/>
      <file href="files/04_Schaltnetze/2BitAdr_Mux.json"/>
      <file href="files/04_Schaltnetze/3_8_decoder.json"/>
      <file href="files/04_Schaltnetze/8_3_coder.json"/>
      <file href="files/04_Schaltnetze/and_aus_nand.json"/>
      <file href="files/04_Schaltnetze/bcd_animation.odg"/>
      <file href="files/04_Schaltnetze/not_aus_nand.json"/>
      <file href="files/04_Schaltnetze/or_aus_nand.json"/>
      <file href="files/04_Schaltnetze/vorlage.json"/>
      <file href="files/05_FlipFlops/ansatz_2.json"/>
      <file href="files/05_FlipFlops/ansatz_3.json"/>
      <file href="files/05_FlipFlops/d_latch.json"/>
      <file href="files/05_FlipFlops/dlatch_plan.odg"/>
      <file href="files/05_FlipFlops/sr_latch_nor_nand.json"/>
      <file href="files/06_Schaltwerke/einzenerkenner_mealy.json"/>
      <file href="files/06_Schaltwerke/einzenerkenner_moore.json"/>
      <file href="files/06_Schaltwerke/jkff.json"/>
      <file href="files/06_Schaltwerke/jkffbeispiel.json"/>
      <file href="files/09_Rechnerarithmetik/halbaddierer.json"/>
      <file href="files/09_Rechnerarithmetik/volladdierer.json"/>
      <file href="icon.4d20867c.ttf"/>
      <file href="icon.52b70d20.svg"/>
      <file href="icon.69606900.woff"/>
      <file href="icon.80b6a791.eot"/>
      <file href="icon.9512f714.woff2"/>
      <file href="icon.ico"/>
      <file href="images/00_Einfuehrung/AlleWetter.png"/>
      <file href="images/00_Einfuehrung/IOpin.png"/>
      <file href="images/00_Einfuehrung/RaceTech.jpg"/>
      <file href="images/00_Einfuehrung/RoboCup.jpeg"/>
      <file href="images/00_Einfuehrung/Wetterstation.png"/>
      <file href="images/01_Historie/4004_Instruction_set.png"/>
      <file href="images/01_Historie/4004_arch.png"/>
      <file href="images/01_Historie/AND_IC.png"/>
      <file href="images/01_Historie/Abakus_Luebeck.jpg"/>
      <file href="images/01_Historie/Analogrechner_HW-in-Loop_Ausschnitt.jpg"/>
      <file href="images/01_Historie/Analytical_Engine.jpg"/>
      <file href="images/01_Historie/ClaudeShannon_MFO3807.jpg"/>
      <file href="images/01_Historie/Eniac.jpg"/>
      <file href="images/01_Historie/George_Boole_color.jpg"/>
      <file href="images/01_Historie/HollerithMachine.CHM.jpg"/>
      <file href="images/01_Historie/Jacquard01.jpg"/>
      <file href="images/01_Historie/Laufroboter.JPG"/>
      <file href="images/01_Historie/Moore%27s_Law_Transistor_Count_1971-2018.png"/>
      <file href="images/01_Historie/PipelineZ3.png"/>
      <file href="images/01_Historie/RelaisMitSpeicher.png"/>
      <file href="images/01_Historie/RelaisOhneSpeicher.png"/>
      <file href="images/01_Historie/RelaisSpeicherSchaltung.pptx"/>
      <file href="images/01_Historie/Schickardmaschine.jpg"/>
      <file href="images/01_Historie/TransistorANDgate.png"/>
      <file href="images/01_Historie/von_Neumann_Architektur.png"/>
      <file href="images/02_BoolscheAlgebra/Analogrechner_MEDA_42TA.jpg"/>
      <file href="images/02_BoolscheAlgebra/Circut.png"/>
      <file href="images/02_BoolscheAlgebra/CircutComplex.png"/>
      <file href="images/02_BoolscheAlgebra/CircutParallel.png"/>
      <file href="images/02_BoolscheAlgebra/CircutSerial.png"/>
      <file href="images/02_BoolscheAlgebra/ClaudeShannon_MFO3807.jpg"/>
      <file href="images/02_BoolscheAlgebra/RelaisAND.png"/>
      <file href="images/02_BoolscheAlgebra/Schaltwerk2.png"/>
      <file href="images/02_BoolscheAlgebra/SchaltwerkXORLoesung.png"/>
      <file href="images/02_BoolscheAlgebra/TransistorAND.png"/>
      <file href="images/04_Schaltnetze/188px-IEC_AND_label.svg.png"/>
      <file href="images/04_Schaltnetze/188px-IEC_NAND_label.svg.png"/>
      <file href="images/04_Schaltnetze/188px-IEC_NOR_label.svg.png"/>
      <file href="images/04_Schaltnetze/188px-IEC_NOT_label.svg.png"/>
      <file href="images/04_Schaltnetze/188px-IEC_OR_label.svg.png"/>
      <file href="images/04_Schaltnetze/188px-IEC_XNOR_label.svg.png"/>
      <file href="images/04_Schaltnetze/188px-IEC_XOR_label.svg.png"/>
      <file href="images/04_Schaltnetze/188px-Logic-gate-and-us.svg.png"/>
      <file href="images/04_Schaltnetze/188px-Nand-gate-en.svg.png"/>
      <file href="images/04_Schaltnetze/188px-Nor-gate-en.svg.png"/>
      <file href="images/04_Schaltnetze/188px-Not-gate-en.svg.png"/>
      <file href="images/04_Schaltnetze/188px-Or-gate-en.svg.png"/>
      <file href="images/04_Schaltnetze/188px-Xnor-gate-en.svg.png"/>
      <file href="images/04_Schaltnetze/188px-Xor-gate-en.svg.png"/>
      <file href="images/04_Schaltnetze/ADC_atmega.png"/>
      <file href="images/04_Schaltnetze/FlashWandler.png"/>
      <file href="images/04_Schaltnetze/GAL.png"/>
      <file href="images/04_Schaltnetze/Glitch.circ"/>
      <file href="images/04_Schaltnetze/Glitch.png"/>
      <file href="images/04_Schaltnetze/GlitchAdditionalAND.circ"/>
      <file href="images/04_Schaltnetze/GlitchAdditionalAND.png"/>
      <file href="images/04_Schaltnetze/ICs.png"/>
      <file href="images/04_Schaltnetze/Kaffeemaschine.jpg"/>
      <file href="images/04_Schaltnetze/MultiplexerAlsWahrheitstabelle.png"/>
      <file href="images/04_Schaltnetze/PAL.png"/>
      <file href="images/04_Schaltnetze/PAL16L8.png"/>
      <file href="images/04_Schaltnetze/PROM.png"/>
      <file href="images/04_Schaltnetze/Prioritätsencoder.png"/>
      <file href="images/04_Schaltnetze/SchaltwerkParitaet.png"/>
      <file href="images/04_Schaltnetze/SchaltwerkParität.circ"/>
      <file href="images/04_Schaltnetze/bcd_animation.gif"/>
      <file href="images/05_FlipFlops/AsynchronerBinaerZaehler.png"/>
      <file href="images/05_FlipFlops/AsynchronerBinaerZaehlerTiming.png"/>
      <file href="images/05_FlipFlops/CopyRegisters.circ"/>
      <file href="images/05_FlipFlops/CopyRegisters.png"/>
      <file href="images/05_FlipFlops/DFlipFlopsImAVR.png"/>
      <file href="images/05_FlipFlops/DLatch_NAND.png"/>
      <file href="images/05_FlipFlops/DLatch_NOR.png"/>
      <file href="images/05_FlipFlops/DLatch_Symbol.svg.png"/>
      <file href="images/05_FlipFlops/EntprellterTaster.png"/>
      <file href="images/05_FlipFlops/FlankenDetektor.circ"/>
      <file href="images/05_FlipFlops/FlankenDetektor.png"/>
      <file href="images/05_FlipFlops/FlankengesteuertesShiftRegister.circ"/>
      <file href="images/05_FlipFlops/FlankengesteuertesShiftRegister.png"/>
      <file href="images/05_FlipFlops/JK_FlipFlop.circ"/>
      <file href="images/05_FlipFlops/JK_FlipFlop.png"/>
      <file href="images/05_FlipFlops/MasterSlave.circ"/>
      <file href="images/05_FlipFlops/MasterSlave.png"/>
      <file href="images/05_FlipFlops/NOR_gate_feedback.png"/>
      <file href="images/05_FlipFlops/OR_gate_feedback.png"/>
      <file href="images/05_FlipFlops/RS_with_NOR_and_NAND.circ"/>
      <file href="images/05_FlipFlops/RS_with_NOR_and_NAND.png"/>
      <file href="images/05_FlipFlops/RechtsLinksLauf.png"/>
      <file href="images/05_FlipFlops/RechtsLinksLauf_Muster.png"/>
      <file href="images/05_FlipFlops/SR_Flanken2_Symbol.svg.png"/>
      <file href="images/05_FlipFlops/SR_Flanken_Symbol.svg.png"/>
      <file href="images/05_FlipFlops/SR_Latch_Symbol.svg.png"/>
      <file href="images/05_FlipFlops/SR_Level_Symbol.svg.png"/>
      <file href="images/05_FlipFlops/SynchronesRSFF.circ"/>
      <file href="images/05_FlipFlops/SynchronesRSFF.png"/>
      <file href="images/05_FlipFlops/T_Flip-flop.svg.png"/>
      <file href="images/05_FlipFlops/UND_gate_feedback.png"/>
      <file href="images/05_FlipFlops/ZustandsgesteuertesShiftRegister.png"/>
      <file href="images/05_FlipFlops/asynchronousLatch.circ"/>
      <file href="images/05_FlipFlops/asynchronous_latch.png"/>
      <file href="images/05_FlipFlops/dlatch_board.jpg"/>
      <file href="images/05_FlipFlops/dlatch_plan.png"/>
      <file href="images/05_FlipFlops/dlatch_plan.svg"/>
      <file href="images/05_FlipFlops/latch_temperature_monitoring.circ"/>
      <file href="images/05_FlipFlops/latch_temperature_monitoring.png"/>
      <file href="images/05_FlipFlops/motivation_cycles.circ"/>
      <file href="images/05_FlipFlops/motivation_cycles.png"/>
      <file href="images/05_FlipFlops/nand_ic.jpg"/>
      <file href="images/05_FlipFlops/nand_ic2_large.jpg"/>
      <file href="images/05_FlipFlops/nand_ic2_small.jpg"/>
      <file href="images/05_FlipFlops/nand_ic_in_board_large.jpg"/>
      <file href="images/05_FlipFlops/nand_ic_in_board_small.jpg"/>
      <file href="images/05_FlipFlops/rs_latch.circ"/>
      <file href="images/05_FlipFlops/rs_latch.png"/>
      <file href="images/05_FlipFlops/synchronizedRS_NOR.circ"/>
      <file href="images/05_FlipFlops/synchronizedRS_NOR.png"/>
      <file href="images/05_FlipFlops/timeLineMasterSlave.png"/>
      <file href="images/07_Schaltwerke/PAL16R8.png"/>
      <file href="images/07_Schaltwerke/PAL_example.png"/>
      <file href="images/07_Schaltwerke/PAL_example_Solution.png"/>
      <file href="images/07_Schaltwerke/PAL_example_vorlage.png"/>
      <file href="images/07_Schaltwerke/Schaltwerk_Detektor.circ"/>
      <file href="images/07_Schaltwerke/Schaltwerk_Detektor.png"/>
      <file href="images/08_StandardSchaltwerke/4DFlipFlops.png"/>
      <file href="images/08_StandardSchaltwerke/Zaehler.svg.png"/>
      <file href="images/09_Arithmetik/Carry_Look_Ahead_IC.png"/>
      <file href="images/09_Arithmetik/Colosseum-Entrance_LII.jpg"/>
      <file href="images/09_Arithmetik/Full_Adder.svg.png"/>
      <file href="images/09_Arithmetik/Full_Adder_Symbol.png"/>
      <file href="images/09_Arithmetik/Full_Adder_Symbol_2HA.png"/>
      <file href="images/09_Arithmetik/Half_Adder.svg.png"/>
      <file href="images/09_Arithmetik/Half_Adder_Symbol.png"/>
      <file href="images/09_Arithmetik/Ripple-carry-adder.svg.png"/>
      <file href="images/09_Arithmetik/Subtractor_Final.png"/>
      <file href="images/09_Arithmetik/Subtractor_template.png"/>
      <file href="images/09_Arithmetik/Zahlenkreise.odp"/>
      <file href="images/09_Arithmetik/Zahlenkreise_1er.png"/>
      <file href="images/09_Arithmetik/Zahlenkreise_2er.png"/>
      <file href="images/09_Arithmetik/Zahlenkreise_Ueberlauf.png"/>
      <file href="images/09_Arithmetik/Zahlenkreise_VB.png"/>
      <file href="images/10_CPU_Basis/RegisterImSpeicher.png"/>
      <file href="images/10_CPU_Basis/RegisterImSpeicherII.png"/>
      <file href="images/10_CPU_Basis/ShiftRegister.png"/>
      <file href="images/10_CPU_Basis/Zaehler.png"/>
      <file href="images/11_Modell_CPU/AdressierungsEinheit.png"/>
      <file href="images/11_Modell_CPU/EinZyklusBefehle.png"/>
      <file href="images/11_Modell_CPU/MikroprogrammSpeicherAuszug.png"/>
      <file href="images/11_Modell_CPU/MikroprogrammSpeicherAuszugII.png"/>
      <file href="images/11_Modell_CPU/horizontaleMikroprogrammierung.png"/>
      <file href="images/11_Modell_CPU/kombinatorik.odg"/>
      <file href="images/11_Modell_CPU/kombinatorik1.jpg"/>
      <file href="images/11_Modell_CPU/kombinatorik1.svg"/>
      <file href="images/11_Modell_CPU/kombinatorik1.svg.png"/>
      <file href="images/11_Modell_CPU/kombinatorik2.jpg"/>
      <file href="images/11_Modell_CPU/kombinatorik2.svg"/>
      <file href="images/11_Modell_CPU/kombinatorik2.svg.png"/>
      <file href="images/11_Modell_CPU/kombinatorik3.jpg"/>
      <file href="images/11_Modell_CPU/kombinatorik3.svg"/>
      <file href="images/11_Modell_CPU/kombinatorik3.svg.png"/>
      <file href="images/11_Modell_CPU/kombinatorik4.jpg"/>
      <file href="images/11_Modell_CPU/kombinatorik4.svg"/>
      <file href="images/11_Modell_CPU/kombinatorik4.svg.png"/>
      <file href="images/11_Modell_CPU/vertikaleMikroprogrammierung.png"/>
      <file href="images/12_Pipeline/800px-Pipeline_MIPS.png"/>
      <file href="images/12_Pipeline/A-line1913.jpg"/>
      <file href="images/12_Pipeline/AtmegaArchitektur.png"/>
      <file href="images/12_Pipeline/AtmegaPipline.png"/>
      <file href="images/12_Pipeline/Branch_prediction_2bit.png"/>
      <file href="images/12_Pipeline/MIPSarchitektur.jpg"/>
      <file href="images/12_Pipeline/MIPSarchitektur.png"/>
      <file href="images/12_Pipeline/MipsPipeline.png"/>
      <file href="images/12_Pipeline/Pipeline_MIPS.png"/>
      <file href="images/13_AVR_CPU/ATTINY13A.jpeg"/>
      <file href="images/13_AVR_CPU/AVR-8Bit-Vergleich.png"/>
      <file href="images/13_AVR_CPU/AVR_core_Speicher.png"/>
      <file href="images/13_AVR_CPU/ArduinoBoard.jpeg"/>
      <file href="images/13_AVR_CPU/ArduinoDrawing.png"/>
      <file href="images/13_AVR_CPU/AtMega32U4.png"/>
      <file href="images/13_AVR_CPU/AtTiny.png"/>
      <file href="images/13_AVR_CPU/ControllerBauformen.png"/>
      <file href="images/13_AVR_CPU/EEPROM.png"/>
      <file href="images/13_AVR_CPU/HighFrequency_Stromaufnahme.png"/>
      <file href="images/13_AVR_CPU/IO.png"/>
      <file href="images/13_AVR_CPU/IO_ATmega.png"/>
      <file href="images/13_AVR_CPU/JumpInstruction.png"/>
      <file href="images/13_AVR_CPU/LowFrequency_Stromaufnahme.png"/>
      <file href="images/13_AVR_CPU/MaximaleStromaufnahme.png"/>
      <file href="images/13_AVR_CPU/Memory_Map.png"/>
      <file href="images/13_AVR_CPU/PINBelegung.png"/>
      <file href="images/13_AVR_CPU/ProgrammSpeicher.png"/>
      <file href="images/13_AVR_CPU/RC_Oscillator.png"/>
      <file href="images/13_AVR_CPU/ResetSystem.png"/>
      <file href="images/13_AVR_CPU/STM32F0-Vergleich.png"/>
      <file href="images/13_AVR_CPU/Schwimmroboter.jpg"/>
      <file href="images/13_AVR_CPU/Simulink_beispiel.png"/>
      <file href="images/13_AVR_CPU/Simulink_ueberblick.png"/>
      <file href="images/13_AVR_CPU/SleepModes.png"/>
      <file href="images/13_AVR_CPU/Taktgenerierung.png"/>
      <file href="images/13_AVR_CPU/UebersichtCortexM0.png"/>
      <file href="images/13_AVR_CPU/ZeitverhaltenIO.png"/>
      <file href="images/14_ADC/ADCTrigger.png"/>
      <file href="images/14_ADC/ADC_prinzip.png"/>
      <file href="images/14_ADC/AVR_ADC.png"/>
      <file href="images/14_ADC/AnalogCompAVR.png"/>
      <file href="images/14_ADC/AtMega2560Refs.png"/>
      <file href="images/14_ADC/Comperator.png"/>
      <file href="images/14_ADC/ComperatorBeispiel.png"/>
      <file href="images/14_ADC/DAWandler.png"/>
      <file href="images/14_ADC/Fehler.png"/>
      <file href="images/14_ADC/FlashWandler.png"/>
      <file href="images/14_ADC/Heissleiter.png"/>
      <file href="images/14_ADC/Herausforderung.png"/>
      <file href="images/14_ADC/Linearitaetsfehler.png"/>
      <file href="images/14_ADC/Linearitätsfehler.png"/>
      <file href="images/14_ADC/Nyquist.png"/>
      <file href="images/14_ADC/Op-amp_symbol.svg.png"/>
      <file href="images/14_ADC/SampleAndHold.png"/>
      <file href="images/14_ADC/SequenziellerWandler.png"/>
      <file href="images/14_ADC/SukzessiveAppro.png"/>
      <file href="images/14_ADC/TimeLineADC.png"/>
      <file href="images/14_ADC/Wandlungsprozess.png"/>
      <file href="images/14_ADC/Zaehlverfahren.png"/>
      <file href="images/15_Timer/16BitTimerAVR.png"/>
      <file href="images/15_Timer/ADCSRA.png"/>
      <file href="images/15_Timer/AVRSimpleCounter.png"/>
      <file href="images/15_Timer/AVR_Capture_Unit.png"/>
      <file href="images/15_Timer/AVR_CompareOutput.png"/>
      <file href="images/15_Timer/CTC_mode.png"/>
      <file href="images/15_Timer/FastPWM.png"/>
      <file href="images/15_Timer/Intel_Interrupt.png"/>
      <file href="images/15_Timer/Intel_PolledMethod.png"/>
      <file href="images/15_Timer/InterruptVektor.png"/>
      <file href="images/15_Timer/PWMGeneration.png"/>
      <file href="images/15_Timer/PWM_Modi.png"/>
      <file href="images/15_Timer/PhaseCorrectPWM.png"/>
      <file href="images/15_Timer/TimerMode.png"/>
      <file href="images/16_Aktoren/1280px-Gleichstrommaschine.svg.png"/>
      <file href="images/16_Aktoren/1280px-Kernkraftwerk_Grafenrheinfeld_-_2013.jpeg"/>
      <file href="images/16_Aktoren/Beispiel.png"/>
      <file href="images/16_Aktoren/CD4543.png"/>
      <file href="images/16_Aktoren/ControlPins.png"/>
      <file href="images/16_Aktoren/HBruecke.png"/>
      <file href="images/16_Aktoren/Kennlinie.png"/>
      <file href="images/16_Aktoren/L293D.png"/>
      <file href="images/16_Aktoren/Multiplexer.gif"/>
      <file href="images/16_Aktoren/PWM.png"/>
      <file href="images/16_Aktoren/Rc-receiver-servo-battery_b.jpg"/>
      <file href="images/16_Aktoren/Schrittmotor.PNG"/>
      <file href="images/16_Aktoren/ShiftRegister.png"/>
      <file href="images/16_Aktoren/ShiftRegisterTiming.png"/>
      <file href="images/16_Aktoren/Stepmotscheme.jpg"/>
      <file href="index.006b6891.js"/>
      <file href="index.0153c984.js"/>
      <file href="index.02e1e0e7.js"/>
      <file href="index.1df2912f.js"/>
      <file href="index.2224a6d9.js"/>
      <file href="index.27b12c92.js"/>
      <file href="index.31b1e318.js"/>
      <file href="index.453aa9bb.js"/>
      <file href="index.4d4d0d19.js"/>
      <file href="index.766104df.js"/>
      <file href="index.7c2099c2.js"/>
      <file href="index.82f3fa50.js"/>
      <file href="index.8dc73f80.js"/>
      <file href="index.8e9af83f.js"/>
      <file href="index.8ef64c13.js"/>
      <file href="index.95b0d75c.js"/>
      <file href="index.9d0c93a8.css"/>
      <file href="index.ab5cf70c.js"/>
      <file href="index.d9ab5143.js"/>
      <file href="index.dbeb5a32.js"/>
      <file href="index.html"/>
      <file href="katex.min.css"/>
      <file href="logo.abbc2cae.png"/>
      <file href="material/06_FlipFlops/Aufgabe_FlipFlops.odp"/>
      <file href="material/06_FlipFlops/Aufgabe_FlipFlops.pdf"/>
      <file href="material/07_Schaltwerke/Vorlage_PAL.odp"/>
      <file href="material/07_Schaltwerke/Vorlage_PAL.pdf"/>
      <file href="material/07_Schaltwerke/Übungsaufgabe_Vorlage.odt"/>
      <file href="material/11_CPU/Handreichung.odt"/>
      <file href="material/11_CPU/Handreichung.pdf"/>
      <file href="material/11_CPU/TabelleDerBefhle.pdf"/>
      <file href="material/12_Pipeline/UmfrageVorkenntnisse.odp"/>
      <file href="material/12_Pipeline/UmfrageVorkenntnisse.pdf"/>
      <file href="material/13_AVR_CPU/PinLayout.odt"/>
      <file href="material/13_AVR_CPU/UNO-TH_Rev3e_sch.pdf"/>
      <file href="material/ATmega48A-PA-88A-PA-168A-PA-328-P-DS-DS40002061A.pdf"/>
      <file href="material/atmel-0856-avr-instruction-set-manual.pdf"/>
      <file href="material/kup_c.pdf"/>
      <file href="programs/assembler/assembler.html"/>
      <file href="programs/assembler/assembler.js"/>
      <file href="programs/assembler/beispiele.html"/>
      <file href="programs/assembler/index.html"/>
      <file href="programs/assembler/makros.txt"/>
      <file href="programs/computer/basictypes.js"/>
      <file href="programs/computer/component.js"/>
      <file href="programs/computer/controlsignals.js"/>
      <file href="programs/computer/fjangnodes.js"/>
      <file href="programs/computer/img/computer.odg"/>
      <file href="programs/computer/img/computer.png"/>
      <file href="programs/computer/index.html"/>
      <file href="programs/computer/mmio.js"/>
      <file href="programs/computer/modell.js"/>
      <file href="programs/computer/webinterfacenodes.js"/>
      <file href="programs/computermanuell/basictypes.js"/>
      <file href="programs/computermanuell/component.js"/>
      <file href="programs/computermanuell/fjangnodes.js"/>
      <file href="programs/computermanuell/img/computer.odg"/>
      <file href="programs/computermanuell/img/computer.png"/>
      <file href="programs/computermanuell/index.html"/>
      <file href="programs/computermanuell/mmio.js"/>
      <file href="programs/computermanuell/modell.js"/>
      <file href="programs/computermanuell/webinterfacenodes.js"/>
      <file href="programs/index.html"/>
      <file href="programs/memory/basictypes.js"/>
      <file href="programs/memory/component.js"/>
      <file href="programs/memory/fjangnodes.js"/>
      <file href="programs/memory/img/mem.png"/>
      <file href="programs/memory/index.html"/>
      <file href="programs/memory/modell.js"/>
      <file href="programs/memory/webinterfacenodes.js"/>
      <file href="programs/rechenwerk/basictypes.js"/>
      <file href="programs/rechenwerk/component.js"/>
      <file href="programs/rechenwerk/fjangnodes.js"/>
      <file href="programs/rechenwerk/img/rechenwerk.png"/>
      <file href="programs/rechenwerk/index.html"/>
      <file href="programs/rechenwerk/modell.js"/>
      <file href="programs/rechenwerk/webinterfacenodes.js"/>
      <file href="source-code-pro-v13-latin-600.15f00b22.svg"/>
      <file href="source-code-pro-v13-latin-600.2ae57109.ttf"/>
      <file href="source-code-pro-v13-latin-600.880fd07b.eot"/>
      <file href="source-code-pro-v13-latin-600.92aac5ff.woff2"/>
      <file href="source-code-pro-v13-latin-600.adab8c0f.woff"/>
      <file href="source-code-pro-v13-latin-regular.21a33c48.woff2"/>
      <file href="source-code-pro-v13-latin-regular.81f5593d.woff"/>
      <file href="source-code-pro-v13-latin-regular.91afd03e.svg"/>
      <file href="source-code-pro-v13-latin-regular.c2e0862c.eot"/>
      <file href="source-code-pro-v13-latin-regular.d61437b4.ttf"/>
      <file href="source-sans-pro-v14-latin-600.234ae412.svg"/>
      <file href="source-sans-pro-v14-latin-600.65fc2f67.eot"/>
      <file href="source-sans-pro-v14-latin-600.8fb77535.woff2"/>
      <file href="source-sans-pro-v14-latin-600.b5f40659.woff"/>
      <file href="source-sans-pro-v14-latin-600.d8df00af.ttf"/>
      <file href="source-sans-pro-v14-latin-700.19d2a757.woff2"/>
      <file href="source-sans-pro-v14-latin-700.43d19605.eot"/>
      <file href="source-sans-pro-v14-latin-700.783891dd.woff"/>
      <file href="source-sans-pro-v14-latin-700.a5afadf4.ttf"/>
      <file href="source-sans-pro-v14-latin-700.df9681de.svg"/>
      <file href="source-sans-pro-v14-latin-regular.097b8a44.eot"/>
      <file href="source-sans-pro-v14-latin-regular.32b4dc53.svg"/>
      <file href="source-sans-pro-v14-latin-regular.89fa7c31.ttf"/>
      <file href="source-sans-pro-v14-latin-regular.bc1deea3.woff2"/>
      <file href="source-sans-pro-v14-latin-regular.d3d258d8.woff"/>
      <file href="source-serif-pro-v10-latin-600.a3a31a14.woff"/>
      <file href="source-serif-pro-v10-latin-600.a6ed946c.ttf"/>
      <file href="source-serif-pro-v10-latin-600.a8e70b44.svg"/>
      <file href="source-serif-pro-v10-latin-600.b4666fd2.eot"/>
      <file href="source-serif-pro-v10-latin-600.b852e510.woff2"/>
      <file href="source-serif-pro-v10-latin-700.05c6e580.woff2"/>
      <file href="source-serif-pro-v10-latin-700.38c57352.eot"/>
      <file href="source-serif-pro-v10-latin-700.8d76004a.woff"/>
      <file href="source-serif-pro-v10-latin-700.90cffcb9.svg"/>
      <file href="source-serif-pro-v10-latin-700.ca4bf240.ttf"/>
      <file href="up_/up_/assets/logo_192.png"/>
    </resource>
  </resources>
</manifest>